,Name,Min Value,id_1,id_2,,,,,,,,,,,,,,,
0,LOSS_13_hab3,11.88800164,Resilient_hab.db,51,,,,,,,,,,,,,,,
1,LOSS_13_hab3,14.0973239,Resilient_hab.db,40,,,,,,,,,,,,,,,
2,LOSS_13_hab3,14.15050208,Resilient_hab.db,67,,,,,,,,,,,,,,,
3,LOSS_13_def2,4.298933997,Control_hab_FINAL.db,62,,,,,,,,,,,,,,,
4,LOSS_13_def2,4.535490902,Control_hab_FINAL.db,34,,,,,,,,,,,,,,,
5,LOSS_13_def2,6.30694812,Resilient_hab_FAIL.db,18,,,,,,,,,,,,,,,
6,LOSS_14_hab3,11.14718728,Resilient_hab.db,51,,,,,,,,,,,,,,,
7,LOSS_14_hab3,13.89953935,Resilient_hab.db,24,,,,,,,,,,,,,,,
8,LOSS_14_hab3,16.06153906,Resilient_def.db,0,,,,,,,,,,,,,,,
9,LOSS_14_def2,8.542998099,Resilient_hab.db,51,,,,,,,,,,,,,,,
10,LOSS_14_def2,11.52523294,Resilient_def.db,0,,,,,,,,,,,,,,,
11,LOSS_14_def2,11.6769979,Resilient_hab.db,40,,,,,,,,,,,,,,,
12,LOSS_15_hab3,14.82448655,Resilient_hab.db,51,,,,,,,,,,,,,,,
13,LOSS_15_hab3,15.56289565,Resilient_hab.db,40,,,,,,,,,,,,,,,
14,LOSS_15_hab3,16.4366565,Resilient_def.db,0,,,,,,,,,,,,,,,
15,LOSS_15_def2,11.0999527,Resilient_hab.db,51,,,,,,,,,,,,,,,
16,LOSS_15_def2,11.6852894,Resilient_hab.db,24,,,,,,,,,,,,,,,
17,LOSS_15_def2,12.66190041,Resilient_hab.db,40,,,,,,,,,,,,,,,
18,LOSS_16_hab3,7.516554819,Resilient_hab.db,59,,,,,,,,,,,,,,,
19,LOSS_16_hab3,8.16443575,Resilient_hab.db,40,,,,,,,,,,,,,,,
20,LOSS_16_hab3,8.501453379,Resilient_hab.db,67,,,,,,,,,,,,,,,
21,LOSS_16_def2,9.939134276,Resilient_hab.db,51,,,,,,,,,,,,,,,
22,LOSS_16_def2,12.28287799,Susceptible_def.db,2,,,,,,,,,,,,,,,
23,LOSS_16_def2,13.047702,Resilient_def.db,0,,,,,,,,,,,,,,,
24,LOSS_17_hab3,9.991365022,Resilient_hab.db,67,,,,,,,,,,,,,,,
25,LOSS_17_hab3,10.33274927,avg_mouse_fit.db,31,,,,,,,,,,,,,,,
26,LOSS_17_hab3,10.54660381,avg_mouse_fit.db,7,,,,,,,,,,,,,,,
27,LOSS_17_def2,6.958618271,Susceptible_def.db,2,,,,,,,,,,,,,,,
28,LOSS_17_def2,7.711195893,Resilient_hab.db,58,,,,,,,,,,,,,,,
29,LOSS_17_def2,9.105596098,Resilient_hab.db,53,,,,,,,,,,,,,,,
30,LOSS_18_hab3,2.963607757,Resilient_hab_FAIL.db,18,,,,,,,,,,,,,,,
31,LOSS_18_hab3,3.859679045,avg_mouse_fit.db,7,,,,,,,,,,,,,,,
32,LOSS_18_hab3,3.929170508,Control_hab_FINAL.db,62,,,,,,,,,,,,,,,
33,LOSS_18_def2,5.498350428,Resilient_hab.db,24,,,,,,,,,,,,,,,
34,LOSS_18_def2,7.250524124,Resilient_hab.db,83,,,,,,,,,,,,,,,
35,LOSS_18_def2,7.719488896,Control_hab_FINAL.db,34,,,,,,,,,,,,,,,
36,LOSS_19_hab3,3.585350118,Resilient_hab.db,24,,,,,,,,,,,,,,,
37,LOSS_19_hab3,4.545758479,Control_hab_FINAL.db,34,,,,,,,,,,,,,,,
38,LOSS_19_hab3,5.170998925,Control_hab_FINAL.db,62,,,,,,,,,,,,,,,
39,LOSS_19_def2,5.39443252,avg_mouse_fit.db,7,,,,,,,,,,,,,,,
40,LOSS_19_def2,6.192134012,Resilient_hab.db,24,,,,,,,,,,,,,,,
41,LOSS_19_def2,7.081312405,Resilient_hab.db,37,,,,,,,,,,,,,,,
42,LOSS_20_hab3,1.343337277,Control_hab_FINAL.db,62,,,,,,,,,,,,,,,
43,LOSS_20_hab3,2.287159427,Resilient_hab_FAIL.db,18,,,,,,,,,,,,,,,
44,LOSS_20_hab3,2.497670313,Control_hab_FINAL.db,34,,,,,,,,,,,,,,,
45,LOSS_20_def2,0.508551202,avg_mouse_fit.db,30,,,,,,,,,,,,,,,
46,LOSS_20_def2,2.424230773,Resilient_hab_FAIL.db,75,,,,,,,,,,,,,,,
47,LOSS_20_def2,2.569736212,Susceptible_hab_FINAL.db,92,,,,,,,,,,,,,,,
,,,,,,,,,,,,,,,,,,,
,,,,,,,,,,,,,,,,,,,
,Name,Min Value,id_1,id_2,Z score,p val,param_id_threshold,param_sensory_prec_slope,param_k_shelter,param_k_threat,param_delta_stay,metric_entropy,metric_n_ch_co,metric_n_co_ch,metric_n_co_sh,metric_n_sh_co,metric_t_investigating,metric_t_shelter,metric_laziness
,LOSS_13_def2,4.298934,Control_hab_FINAL.db,62,0.757093918,0.448993598,0.515727116,0.816352739,0.298897194,1.155770898,1.009888668,4.296422916,15,15,8,9,0.1535,0.3055,0.7375
,LOSS_13_hab3,14.150502,Resilient_hab.db,67,1.373584217,0.1695708,0.147982637,0.087463598,4.908866188,0.450585783,3.754876603,3.195065402,11,11,6,6,0.2345,0.5965,0.8335
,LOSS_14_def2,11.525233,Resilient_def.db,0,1.239636129,0.215110011,0.15,0.15,3.5,0.2,3,4.43724739,24,25,7,8,0.497,0.1705,0.6675
,LOSS_14_hab3,11.147187,Resilient_hab.db,51,1.219135595,0.222792732,0.215362591,0.081368589,4.858386478,0.568861431,5.207956288,2.554980742,10,11,5,6,0.173,0.6515,0.8475
,LOSS_15_def2,11.685289,Resilient_hab.db,24,1.248214138,0.211952648,0.101950405,0.055407017,4.950524614,0.115140038,3.154707234,2.940415636,13,13,5,5,0.1795,0.5335,0.7985
,LOSS_15_hab3,15.562896,Resilient_hab.db,40,1.440504356,0.149724758,0.210223671,0.066467643,4.937115452,0.381617244,3.898368379,3.092608564,8,9,3,4,0.207,0.624,0.8445
,LOSS_16_def2,12.282878,Susceptible_def.db,2,1.279733201,0.200638984,0.367263922,0.63,7.521287655,1.110292279,2.016434895,1.930290098,5,5,1,2,0.0675,0.725,0.9115
,LOSS_16_hab3,7.516555,Resilient_hab.db,59,1.001103058,0.316776987,0.219379437,0.073756821,4.914607524,0.569200004,3.918470286,2.602157206,7,8,4,5,0.2735,0.5845,0.8865
,LOSS_17_def2,7.711196,Resilient_hab.db,58,1.013981985,0.310591348,0.202312574,0.066042002,4.89559458,0.50699334,4.360236213,2.707225653,5,5,2,2,0.1385,0.724,0.896
,LOSS_17_hab3,15.37039224,Resilient_hab.db,31,1.431567544,0.152267624,0.246993298,0.048389916,4.886265037,0.281803009,3.906165009,3.79658214,17,17,7,7,0.3635,0.4055,0.7745
,LOSS_18_def2,7.250524,Resilient_hab.db,83,0.98322761,0.325495429,0.199185522,0.08669176,4.886347125,0.498324589,4.642227045,3.41889804,13,14,4,5,0.2,0.548,0.785
,LOSS_18_hab3,6.527388513,Control_hab_FINAL.db,45,0.932908607,0.350867158,0.897602032,0.886823797,0.303039948,1.142265274,1.01261406,4.71291424,14,15,11,12,0.229,0.3405,0.6965
,LOSS_19_def2,7.081312,Resilient_hab.db,37,0.971686644,0.331206463,0.168056683,0.057470287,4.989673124,0.117175169,2.559438887,3.813127568,14,15,7,8,0.249,0.457,0.7605
,LOSS_19_hab3,4.545758,Control_hab_FINAL.db,34,0.77852493,0.436259616,0.513798117,0.87705756,0.271078611,1.133015332,1.060739951,4.666456582,11,12,7,8,0.1535,0.228,0.7555
,LOSS_20_def2,2.424230773,Resilient_hab_FAIL.db,75,0.568533877,0.569672509,0.474978537,0.719183635,0.735021943,0.40967481,2.775568426,3.901667725,13,14,4,5,0.3685,0.228,0.8085
,LOSS_20_hab3,2.287159,Resilient_hab_FAIL.db,18,0.552226886,0.580792916,0.600207615,0.768483092,0.720644735,1.120970781,2.314835569,4.395300543,12,12,7,8,0.195,0.221,0.756
,,,,,,,,,,,,,,,,,,,
,,,,,1.049478918,0.312044599,,,,,,,,,,,,,
,,,,,,,,,,,,,,,,,,,
,,,,,,,,,Reasoning from the Data,,,,,,,,,,
,,,,,,,,,,,,,,,,,,,
,,,,,,,,,"1. High Redundancy in Columns 1 & 2: Columns 1 and 2 share a correlation of 0.90 (on a scale of 0 to 1). This is extremely high, meaning they verify nearly the same information. Including both would make your plot look flattened. Furthermore, Column 2 is also strongly correlated with Column 5 (-0.85) and Column 4 (0.84). Because Columns 1 and 2 are so ""entangled"" with the others, they are the best candidates to remove.",,,,,,,,,,
,,,,,,,,,,,,,,,,,,,
,,,,,,,,,"2. Highest Independence Score: By calculating the ""volume"" of information (the determinant of the correlation matrix) for every possible combination of 3 columns, the combination of {3, 4, 5} scored the highest (0.34).",,,,,,,,,,
,,,,,,,,,,,,,,,,,,,
,,,,,,Name,param_id_threshold,param_sensory_prec_slope,param_k_shelter,param_k_threat,param_delta_stay,metric_entropy,metric_n_ch_co,metric_n_co_ch,metric_n_co_sh,metric_n_sh_co,metric_t_investigating,metric_t_shelter,metric_laziness
,,,,,,LOSS_13_def2,0.515727116,0.816352739,0.298897194,1.155770898,1.009888668,4.296422916,15,15,8,9,0.1535,0.3055,0.7375
,,,,,,LOSS_13_hab3,0.147982637,0.087463598,4.908866188,0.450585783,3.754876603,3.195065402,11,11,6,6,0.2345,0.5965,0.8335
,,,,,,LOSS_14_def2,0.15,0.15,3.5,0.2,3,4.43724739,24,25,7,8,0.497,0.1705,0.6675
,,,,,,LOSS_14_hab3,0.215362591,0.081368589,4.858386478,0.568861431,5.207956288,2.554980742,10,11,5,6,0.173,0.6515,0.8475
,,,,,,LOSS_15_def2,0.101950405,0.055407017,4.950524614,0.115140038,3.154707234,2.940415636,13,13,5,5,0.1795,0.5335,0.7985
,,,,,,LOSS_15_hab3,0.210223671,0.066467643,4.937115452,0.381617244,3.898368379,3.092608564,8,9,3,4,0.207,0.624,0.8445
,,,,,,LOSS_16_def2,0.367263922,0.63,7.521287655,1.110292279,2.016434895,1.930290098,5,5,1,2,0.0675,0.725,0.9115
,,,,,,LOSS_16_hab3,0.219379437,0.073756821,4.914607524,0.569200004,3.918470286,2.602157206,7,8,4,5,0.2735,0.5845,0.8865
,,,,,,LOSS_17_def2,0.202312574,0.066042002,4.89559458,0.50699334,4.360236213,2.707225653,5,5,2,2,0.1385,0.724,0.896
,,,,,,LOSS_17_hab3,0.246993298,0.048389916,4.886265037,0.281803009,3.906165009,3.79658214,17,17,7,7,0.3635,0.4055,0.7745
,,,,,,LOSS_18_def2,0.199185522,0.08669176,4.886347125,0.498324589,4.642227045,3.41889804,13,14,4,5,0.2,0.548,0.785
,,,,,,LOSS_18_hab3,0.897602032,0.886823797,0.303039948,1.142265274,1.01261406,4.71291424,14,15,11,12,0.229,0.3405,0.6965
,,,,,,LOSS_19_def2,0.168056683,0.057470287,4.989673124,0.117175169,2.559438887,3.813127568,14,15,7,8,0.249,0.457,0.7605
,,,,,,LOSS_19_hab3,0.513798117,0.87705756,0.271078611,1.133015332,1.060739951,4.666456582,11,12,7,8,0.1535,0.228,0.7555
,,,,,,LOSS_20_def2,0.474978537,0.719183635,0.735021943,0.40967481,2.775568426,3.901667725,13,14,4,5,0.3685,0.228,0.8085
,,,,,,LOSS_20_hab3,0.600207615,0.768483092,0.720644735,1.120970781,2.314835569,4.395300543,12,12,7,8,0.195,0.221,0.756
