,Column,Min Value,id_1,id_2,,Column,Min Loss,id_1 (Database),id_2 (ID)
0,LOSS_13_def1,1.707814989,Resilient_def.db,78,,LOSS_13_def1,1.7078,Resilient_def.db,78
1,LOSS_13_def1,2.884232609,Resilient_def.db,55,,LOSS_13_def3,4.4888,Resilient_hab_FAIL.db,18
2,LOSS_13_def1,2.964941895,Resilient_def.db,73,,LOSS_14_def1,4.4658,Resilient_def.db,55
3,LOSS_13_def3,4.488864833,Resilient_hab_FAIL.db,18,,LOSS_14_def3,5.6752,Resilient_hab_FAIL.db,70
4,LOSS_13_def3,5.676588986,Control_hab_FINAL.db,2,,LOSS_15_def1,1.8364,Resilient_def.db,14
5,LOSS_13_def3,5.935992403,Resilient_hab_FAIL.db,75,,LOSS_15_def3,8.8601,Resilient_def.db,42
6,LOSS_14_def1,4.266520465,Resilient_def.db,78,,LOSS_16_def1,3.1992,Resilient_hab_FAIL.db,72
7,LOSS_14_def1,4.465850172,Resilient_def.db,55,,LOSS_16_def3,1.7787,Resilient_def.db,73
8,LOSS_14_def1,4.885082037,Resilient_def.db,73,,LOSS_17_def1,3.4609,Resilient_hab.db,67
9,LOSS_14_def3,5.675221158,Resilient_hab_FAIL.db,70,,LOSS_17_def3,3.3115,Resilient_hab.db,59
10,LOSS_14_def3,6.201729216,Resilient_hab.db,37,,LOSS_18_def1,11.245,Resilient_def.db,57
11,LOSS_14_def3,6.330998519,Resilient_hab_FAIL.db,75,,LOSS_18_def3,9.533,Control_hab_FINAL.db,34
12,LOSS_15_def1,1.836464787,Resilient_def.db,14,,LOSS_19_def1,2.3019,Control_hab_FINAL.db,62
13,LOSS_15_def1,2.568631283,Resilient_def.db,82,,LOSS_19_def3,35.7736,Resilient_def.db,77
14,LOSS_15_def1,2.642834153,Susceptible_def.db,2,,LOSS_20_def1,2.5581,Susceptible_hab_FINAL.db,5
15,LOSS_15_def3,8.809132993,Resilient_def.db,78,,LOSS_20_def3,1.8937,Susceptible_hab_FINAL.db,24
16,LOSS_15_def3,8.860138911,Resilient_def.db,42,,LOSS_21_def1,2.9964,Resilient_hab.db,20
17,LOSS_15_def3,9.613882279,Resilient_def.db,85,,LOSS_21_def3,3.1552,Susceptible_hab_FINAL.db,22
18,LOSS_16_def1,3.199251517,Resilient_hab_FAIL.db,72,,LOSS_22_def1,2.8244,Control_hab_FINAL.db,34
19,LOSS_16_def1,3.258867406,Resilient_hab_FAIL.db,84,,LOSS_22_def3,4.442,Resilient_hab_FAIL.db,25
20,LOSS_16_def1,3.477518218,Susceptible_hab_FINAL.db,49,,LOSS_23_def1,2.808,Resilient_hab_FAIL.db,75
21,LOSS_16_def3,1.778721561,Resilient_def.db,73,,LOSS_23_def3,9.383,Resilient_hab.db,31
22,LOSS_16_def3,2.266599683,Resilient_hab.db,51,,LOSS_24_def1,2.7368,Control_hab_FINAL.db,27
23,LOSS_16_def3,2.506115659,Resilient_def.db,55,,LOSS_24_def3,9.7933,Resilient_hab.db,51
24,LOSS_17_def1,3.460993904,Resilient_hab.db,67,,LOSS_25_def1,2.4057,Resilient_hab_FAIL.db,78
25,LOSS_17_def1,3.723752694,Resilient_hab.db,59,,LOSS_25_def3,1.4934,Control_hab_FINAL.db,27
26,LOSS_17_def1,3.947388421,Resilient_hab.db,40,,LOSS_26_def1,10.9372,Resilient_hab_FAIL.db,84
27,LOSS_17_def3,3.31159327,Resilient_hab.db,59,,LOSS_26_def3,5.1592,Resilient_def.db,26
28,LOSS_17_def3,8.192010696,Resilient_hab.db,67,,,,,
29,LOSS_17_def3,8.464768108,Resilient_hab.db,40,,,,,
30,LOSS_18_def1,7.168605925,Resilient_def.db,42,,,,,
31,LOSS_18_def1,11.24507865,Resilient_def.db,57,,,,,
32,LOSS_18_def1,11.25735807,Resilient_hab.db,24,,,,,
33,LOSS_18_def3,8.842754103,Resilient_hab_FAIL.db,18,,,,,
34,LOSS_18_def3,9.533012008,Control_hab_FINAL.db,34,,,,,
35,LOSS_18_def3,10.31948446,Resilient_def.db,42,,,,,
36,LOSS_19_def1,2.301956058,Control_hab_FINAL.db,62,,,,,
37,LOSS_19_def1,3.339571479,Resilient_hab_FAIL.db,18,,,,,
38,LOSS_19_def1,3.349008353,Susceptible_hab_FINAL.db,40,,,,,
39,LOSS_19_def3,32.43838184,Resilient_def.db,42,,,,,
40,LOSS_19_def3,35.77360968,Resilient_def.db,77,,,,,
41,LOSS_19_def3,39.40020539,Resilient_def.db,57,,,,,
42,LOSS_20_def1,2.558160011,Susceptible_hab_FINAL.db,5,,,,,
43,LOSS_20_def1,2.946028379,Resilient_hab_FAIL.db,58,,,,,
44,LOSS_20_def1,3.398325308,Susceptible_hab_FINAL.db,86,,,,,
45,LOSS_20_def3,1.893746922,Susceptible_hab_FINAL.db,24,,,,,
46,LOSS_20_def3,2.452140333,Susceptible_hab_FINAL.db,49,,,,,
47,LOSS_20_def3,2.969476684,Susceptible_hab_FINAL.db,74,,,,,
48,LOSS_21_def1,2.996434315,Resilient_hab.db,20,,,,,
49,LOSS_21_def1,4.414750345,Control_hab_FINAL.db,0,,,,,
50,LOSS_21_def1,5.863539823,Resilient_hab.db,17,,,,,
51,LOSS_21_def3,3.155234482,Susceptible_hab_FINAL.db,22,,,,,
52,LOSS_21_def3,4.615981312,Susceptible_hab_FINAL.db,5,,,,,
53,LOSS_21_def3,4.780167228,Resilient_hab_FAIL.db,58,,,,,
54,LOSS_22_def1,2.824451844,Control_hab_FINAL.db,34,,,,,
55,LOSS_22_def1,3.402512212,Resilient_hab_FAIL.db,18,,,,,
56,LOSS_22_def1,3.496004378,Control_hab_FINAL.db,62,,,,,
57,LOSS_22_def3,4.172986218,Resilient_hab_FAIL.db,18,,,,,
58,LOSS_22_def3,4.442037619,Resilient_hab_FAIL.db,25,,,,,
59,LOSS_22_def3,5.510813812,Resilient_hab_FAIL.db,69,,,,,
60,LOSS_23_def1,2.808059205,Resilient_hab_FAIL.db,75,,,,,
61,LOSS_23_def1,4.817142257,Resilient_hab_FAIL.db,58,,,,,
62,LOSS_23_def1,5.080988513,Susceptible_hab_FINAL.db,5,,,,,
63,LOSS_23_def3,7.17719088,Resilient_hab_FAIL.db,75,,,,,
64,LOSS_23_def3,9.383099192,Resilient_hab.db,31,,,,,
65,LOSS_23_def3,10.15101421,Resilient_hab.db,17,,,,,
66,LOSS_24_def1,2.736837175,Control_hab_FINAL.db,27,,,,,
67,LOSS_24_def1,4.140762205,calibration.db,33,,,,,
68,LOSS_24_def1,4.584074786,Control_hab_FINAL.db,0,,,,,
69,LOSS_24_def3,9.238976698,Resilient_def.db,77,,,,,
70,LOSS_24_def3,9.793327498,Resilient_hab.db,51,,,,,
71,LOSS_24_def3,10.38469056,Resilient_def.db,42,,,,,
72,LOSS_25_def1,2.405745976,Resilient_hab_FAIL.db,78,,,,,
73,LOSS_25_def1,2.61487651,Control_hab_FINAL.db,27,,,,,
74,LOSS_25_def1,3.002536933,Resilient_hab_FAIL.db,83,,,,,
75,LOSS_25_def3,1.493495208,Control_hab_FINAL.db,27,,,,,
76,LOSS_25_def3,2.479927479,Resilient_hab_FAIL.db,78,,,,,
77,LOSS_25_def3,2.943415033,Susceptible_hab_FINAL.db,88,,,,,
78,LOSS_26_def1,7.458873983,Resilient_hab_FAIL.db,75,,,,,
79,LOSS_26_def1,10.93720936,Resilient_hab_FAIL.db,84,,,,,
80,LOSS_26_def1,11.74873705,Resilient_hab_FAIL.db,72,,,,,
81,LOSS_26_def3,5.159217049,Resilient_def.db,26,,,,,
82,LOSS_26_def3,5.36986267,Resilient_hab.db,49,,,,,
83,LOSS_26_def3,5.497284297,Resilient_def.db,44,,,,,
