,Column,Min Value,id_1,id_2
0,LOSS_13_def1,1.707814988884782,Resilient_def.db,78
1,LOSS_13_def1,2.8842326094829125,Resilient_def.db,55
2,LOSS_13_def1,2.96494189459081,Resilient_def.db,73
3,LOSS_13_def1,3.2710162230833686,Resilient_def.db,84
4,LOSS_13_def1,3.744238393639351,Resilient_def.db,77
5,LOSS_13_def1,3.8872663892728423,Resilient_hab.db,51
6,LOSS_13_def1,4.316634194988094,Resilient_def.db,13
7,LOSS_13_def3,4.488864833440749,Resilient_hab_FAIL.db,18
8,LOSS_13_def3,5.676588986367177,Control_hab_FINAL.db,2
9,LOSS_13_def3,5.935992403242593,Resilient_hab_FAIL.db,75
10,LOSS_13_def3,6.607809401385026,Resilient_hab_FAIL.db,69
11,LOSS_13_def3,6.623422049310447,Susceptible_hab_FINAL.db,37
12,LOSS_13_def3,6.941989279420726,Susceptible_hab_FINAL.db,40
13,LOSS_13_def3,7.13378968487947,Resilient_hab_FAIL.db,70
14,LOSS_14_def1,4.266520465155125,Resilient_def.db,78
15,LOSS_14_def1,4.465850172194321,Resilient_def.db,55
16,LOSS_14_def1,4.88508203725118,Resilient_def.db,73
17,LOSS_14_def1,5.2350041003347165,Resilient_def.db,77
18,LOSS_14_def1,5.963941027341817,Resilient_hab.db,51
19,LOSS_14_def1,5.9898942522055485,Resilient_def.db,42
20,LOSS_14_def1,6.274758567266567,Resilient_def.db,84
21,LOSS_14_def3,5.675221158348218,Resilient_hab_FAIL.db,70
22,LOSS_14_def3,6.201729216200844,Resilient_hab.db,37
23,LOSS_14_def3,6.330998519012715,Resilient_hab_FAIL.db,75
24,LOSS_14_def3,6.654263100656179,Resilient_hab_FAIL.db,18
25,LOSS_14_def3,6.880403027140445,Resilient_def.db,45
26,LOSS_14_def3,7.040484520461405,Resilient_hab_FAIL.db,25
27,LOSS_14_def3,7.944252857421513,Resilient_hab_FAIL.db,69
28,LOSS_15_def1,1.8364647867970136,Resilient_def.db,14
29,LOSS_15_def1,2.5686312827789224,Resilient_def.db,82
30,LOSS_15_def1,2.642834153123446,Susceptible_def.db,2
31,LOSS_15_def1,2.916640238640992,Resilient_def.db,79
32,LOSS_15_def1,3.032250502444045,Resilient_def.db,70
33,LOSS_15_def1,3.365190814873704,Resilient_def.db,17
34,LOSS_15_def1,3.439643637799974,Resilient_def.db,34
35,LOSS_15_def3,8.8091329928975,Resilient_def.db,78
36,LOSS_15_def3,8.860138910700543,Resilient_def.db,42
37,LOSS_15_def3,9.613882278861416,Resilient_def.db,85
38,LOSS_15_def3,10.21369231505052,Control_hab_FINAL.db,34
39,LOSS_15_def3,10.3577316300731,Resilient_def.db,45
40,LOSS_15_def3,11.15088208803826,Resilient_hab.db,24
41,LOSS_15_def3,11.172232129737427,Control_hab_FINAL.db,19
42,LOSS_16_def1,3.199251516904914,Resilient_hab_FAIL.db,72
43,LOSS_16_def1,3.258867406296537,Resilient_hab_FAIL.db,84
44,LOSS_16_def1,3.477518218148952,Susceptible_hab_FINAL.db,49
45,LOSS_16_def1,4.868019908769907,Resilient_hab_FAIL.db,78
46,LOSS_16_def1,4.873280188511457,Susceptible_hab_FINAL.db,92
47,LOSS_16_def1,4.916432989258959,Resilient_hab_FAIL.db,75
48,LOSS_16_def1,5.628582347614572,Susceptible_hab_FINAL.db,48
49,LOSS_16_def3,1.7787215612713183,Resilient_def.db,73
50,LOSS_16_def3,2.266599683352557,Resilient_hab.db,51
51,LOSS_16_def3,2.506115659065485,Resilient_def.db,55
52,LOSS_16_def3,2.906544639942722,Resilient_def.db,77
53,LOSS_16_def3,3.1833362717554934,Resilient_def.db,78
54,LOSS_16_def3,3.448028318428191,Resilient_def.db,17
55,LOSS_16_def3,3.847286527551773,Resilient_def.db,84
56,LOSS_17_def1,3.4609939041121627,Resilient_hab.db,67
57,LOSS_17_def1,3.723752693854107,Resilient_hab.db,59
58,LOSS_17_def1,3.947388420841065,Resilient_hab.db,40
59,LOSS_17_def1,5.271473181458972,Resilient_def.db,78
60,LOSS_17_def1,5.626086715930417,Resilient_hab.db,51
61,LOSS_17_def1,6.256915857477502,Resilient_hab.db,24
62,LOSS_17_def1,6.382751312843704,Resilient_def.db,45
63,LOSS_17_def3,3.311593269827941,Resilient_hab.db,59
64,LOSS_17_def3,8.192010695608918,Resilient_hab.db,67
65,LOSS_17_def3,8.464768107685918,Resilient_hab.db,40
66,LOSS_17_def3,10.575580240062951,Resilient_def.db,0
67,LOSS_17_def3,12.369529146498891,calibration.db,37
68,LOSS_17_def3,12.41931615687906,Resilient_hab.db,51
69,LOSS_17_def3,12.73499988848837,Resilient_hab_FAIL.db,82
70,LOSS_18_def1,7.16860592531687,Resilient_def.db,42
71,LOSS_18_def1,11.245078653077048,Resilient_def.db,57
72,LOSS_18_def1,11.257358071695554,Resilient_hab.db,24
73,LOSS_18_def1,11.940850052011118,Resilient_def.db,78
74,LOSS_18_def1,12.27607315846126,Resilient_def.db,45
75,LOSS_18_def1,13.066532156540736,Control_hab_FINAL.db,62
76,LOSS_18_def1,13.479529974172015,Resilient_hab.db,83
77,LOSS_18_def3,8.842754102867739,Resilient_hab_FAIL.db,18
78,LOSS_18_def3,9.533012008414648,Control_hab_FINAL.db,34
79,LOSS_18_def3,10.319484464490628,Resilient_def.db,42
80,LOSS_18_def3,10.387924266981518,Control_hab_FINAL.db,62
81,LOSS_18_def3,10.79190840059656,Resilient_hab.db,37
82,LOSS_18_def3,12.427889608707568,Control_hab_FINAL.db,45
83,LOSS_18_def3,13.390920856731414,Resilient_def.db,57
84,LOSS_19_def1,2.301956058130877,Control_hab_FINAL.db,62
85,LOSS_19_def1,3.339571479102071,Resilient_hab_FAIL.db,18
86,LOSS_19_def1,3.349008352959526,Susceptible_hab_FINAL.db,40
87,LOSS_19_def1,3.647790605792912,Control_hab_FINAL.db,2
88,LOSS_19_def1,4.620905334708983,Control_hab_FINAL.db,60
89,LOSS_19_def1,4.706526805808339,Control_hab_FINAL.db,45
90,LOSS_19_def1,4.777408658668187,Control_hab_FINAL.db,34
91,LOSS_19_def3,32.43838184302811,Resilient_def.db,42
92,LOSS_19_def3,35.77360967811847,Resilient_def.db,77
93,LOSS_19_def3,39.40020538570902,Resilient_def.db,57
94,LOSS_19_def3,39.53124307049537,Resilient_def.db,28
95,LOSS_19_def3,40.710356709857,Resilient_def.db,78
96,LOSS_19_def3,41.780287632173554,Resilient_hab.db,51
97,LOSS_19_def3,42.77455884339167,Resilient_hab.db,24
98,LOSS_20_def1,2.5581600113057514,Susceptible_hab_FINAL.db,5
99,LOSS_20_def1,2.946028378539589,Resilient_hab_FAIL.db,58
100,LOSS_20_def1,3.39832530785575,Susceptible_hab_FINAL.db,86
101,LOSS_20_def1,3.890250755732216,Susceptible_hab_FINAL.db,44
102,LOSS_20_def1,4.077959100394203,Resilient_hab_FAIL.db,75
103,LOSS_20_def1,4.220931580648338,Resilient_hab_FAIL.db,68
104,LOSS_20_def1,4.26775948755063,Susceptible_hab_FINAL.db,74
105,LOSS_20_def3,1.8937469216874023,Susceptible_hab_FINAL.db,24
106,LOSS_20_def3,2.452140333302053,Susceptible_hab_FINAL.db,49
107,LOSS_20_def3,2.9694766843504063,Susceptible_hab_FINAL.db,74
108,LOSS_20_def3,3.145183830505694,Resilient_hab_FAIL.db,58
109,LOSS_20_def3,3.3818186436718864,Susceptible_hab_FINAL.db,5
110,LOSS_20_def3,3.704283444989934,Resilient_hab_FAIL.db,84
111,LOSS_20_def3,4.102471781137333,Susceptible_hab_FINAL.db,87
112,LOSS_21_def1,2.9964343146965065,Resilient_hab.db,20
113,LOSS_21_def1,4.414750344570075,Control_hab_FINAL.db,0
114,LOSS_21_def1,5.863539822812422,Resilient_hab.db,17
115,LOSS_21_def1,6.492431016696528,Resilient_hab_FAIL.db,75
116,LOSS_21_def1,6.665645954810591,Resilient_hab_FAIL.db,84
117,LOSS_21_def1,7.372545448324288,Susceptible_hab_FINAL.db,49
118,LOSS_21_def1,7.673900238075523,Resilient_def.db,8
119,LOSS_21_def3,3.1552344816702247,Susceptible_hab_FINAL.db,22
120,LOSS_21_def3,4.615981312102859,Susceptible_hab_FINAL.db,5
121,LOSS_21_def3,4.7801672275722265,Resilient_hab_FAIL.db,58
122,LOSS_21_def3,5.174971696448815,Susceptible_hab_FINAL.db,1
123,LOSS_21_def3,5.425560687734902,Susceptible_hab_FINAL.db,86
124,LOSS_21_def3,6.142236363166661,calibration.db,34
125,LOSS_21_def3,6.219610053227977,Susceptible_hab_FINAL.db,49
126,LOSS_22_def1,2.824451843931287,Control_hab_FINAL.db,34
127,LOSS_22_def1,3.402512211873633,Resilient_hab_FAIL.db,18
128,LOSS_22_def1,3.496004378112749,Control_hab_FINAL.db,62
129,LOSS_22_def1,7.088433077090708,Resilient_hab_FAIL.db,67
130,LOSS_22_def1,7.303234502028928,Resilient_hab_FAIL.db,70
131,LOSS_22_def1,7.377583939178407,Control_hab_FINAL.db,18
132,LOSS_22_def1,8.028107116686595,Control_hab_FINAL.db,13
133,LOSS_22_def3,4.172986218441498,Resilient_hab_FAIL.db,18
134,LOSS_22_def3,4.442037619245211,Resilient_hab_FAIL.db,25
135,LOSS_22_def3,5.510813811891022,Resilient_hab_FAIL.db,69
136,LOSS_22_def3,5.572924819149455,Susceptible_hab_FINAL.db,92
137,LOSS_22_def3,5.668125453429739,Susceptible_hab_FINAL.db,27
138,LOSS_22_def3,5.764945099069742,Susceptible_hab_FINAL.db,43
139,LOSS_22_def3,6.186598437774388,Susceptible_hab_FINAL.db,47
140,LOSS_23_def1,2.808059205168352,Resilient_hab_FAIL.db,75
141,LOSS_23_def1,4.817142257329181,Resilient_hab_FAIL.db,58
142,LOSS_23_def1,5.080988512670388,Susceptible_hab_FINAL.db,5
143,LOSS_23_def1,5.148850245475772,Susceptible_hab_FINAL.db,92
144,LOSS_23_def1,5.256061211430909,Susceptible_hab_FINAL.db,86
145,LOSS_23_def1,5.392588018482968,Susceptible_hab_FINAL.db,37
146,LOSS_23_def1,5.623568285954298,Susceptible_hab_FINAL.db,7
147,LOSS_23_def3,7.177190879734003,Resilient_hab_FAIL.db,75
148,LOSS_23_def3,9.38309919235223,Resilient_hab.db,31
149,LOSS_23_def3,10.151014214856236,Resilient_hab.db,17
150,LOSS_23_def3,14.242627752215895,Resilient_hab_FAIL.db,84
151,LOSS_23_def3,14.259520603016588,Resilient_hab.db,20
152,LOSS_23_def3,14.273874203507336,Resilient_hab_FAIL.db,57
153,LOSS_23_def3,14.582044595198264,calibration.db,37
154,LOSS_24_def1,2.73683717498338,Control_hab_FINAL.db,27
155,LOSS_24_def1,4.140762205388251,calibration.db,33
156,LOSS_24_def1,4.584074785648983,Control_hab_FINAL.db,0
157,LOSS_24_def1,5.139348572897729,Resilient_hab_FAIL.db,83
158,LOSS_24_def1,5.357162364284695,Susceptible_hab_FINAL.db,88
159,LOSS_24_def1,5.5752896540939245,calibration.db,5
160,LOSS_24_def1,6.028489890770928,Resilient_hab.db,20
161,LOSS_24_def3,9.238976697656604,Resilient_def.db,77
162,LOSS_24_def3,9.79332749804751,Resilient_hab.db,51
163,LOSS_24_def3,10.384690559057333,Resilient_def.db,42
164,LOSS_24_def3,10.464879243129856,Resilient_def.db,73
165,LOSS_24_def3,10.477220833348545,Resilient_def.db,78
166,LOSS_24_def3,11.978514049843511,Resilient_def.db,17
167,LOSS_24_def3,12.70545822774294,Resilient_def.db,55
168,LOSS_25_def1,2.405745976121555,Resilient_hab_FAIL.db,78
169,LOSS_25_def1,2.6148765103001232,Control_hab_FINAL.db,27
170,LOSS_25_def1,3.0025369332917675,Resilient_hab_FAIL.db,83
171,LOSS_25_def1,3.511290344526404,calibration.db,39
172,LOSS_25_def1,3.5514984087389347,calibration.db,18
173,LOSS_25_def1,3.5654150282753854,calibration.db,33
174,LOSS_25_def1,3.785253795809653,Control_hab_FINAL.db,51
175,LOSS_25_def3,1.4934952079405,Control_hab_FINAL.db,27
176,LOSS_25_def3,2.479927478865634,Resilient_hab_FAIL.db,78
177,LOSS_25_def3,2.943415032575352,Susceptible_hab_FINAL.db,88
178,LOSS_25_def3,3.85632854903601,calibration.db,33
179,LOSS_25_def3,4.106543331839547,Control_hab_FINAL.db,0
180,LOSS_25_def3,4.137440174354546,Resilient_hab_FAIL.db,83
181,LOSS_25_def3,5.015653088961769,Control_hab_FINAL.db,24
182,LOSS_26_def1,7.458873982739967,Resilient_hab_FAIL.db,75
183,LOSS_26_def1,10.937209357867191,Resilient_hab_FAIL.db,84
184,LOSS_26_def1,11.748737050731126,Resilient_hab_FAIL.db,72
185,LOSS_26_def1,12.49287065287712,Susceptible_hab_FINAL.db,49
186,LOSS_26_def1,13.008769869627036,Resilient_hab_FAIL.db,58
187,LOSS_26_def1,13.076874573865824,Resilient_hab.db,17
188,LOSS_26_def1,13.226347549502698,Resilient_hab.db,20
189,LOSS_26_def3,5.159217048661187,Resilient_def.db,26
190,LOSS_26_def3,5.36986267028713,Resilient_hab.db,49
191,LOSS_26_def3,5.497284296614076,Resilient_def.db,44
192,LOSS_26_def3,5.738126105163094,Resilient_def.db,74
193,LOSS_26_def3,5.783947701582514,Resilient_def.db,25
194,LOSS_26_def3,5.871768870455408,Resilient_def.db,61
195,LOSS_26_def3,6.360217590190056,Resilient_def.db,39
